label;new label en;new label fr
adulterant;adulterant;? adult�rant
coloring;dye;colorant
dietary fiber;dietary fiber;fibres alimentaires
emulsifier;emulsifier;�mulsifiant
flavor fixative;flavor fixative;fixateur de saveur
flavoring;flavoring;ar�me
gelling agent;gelling agent;g�lifiant
potential as clarifier;clarifier;clarificateur
potential as fermentation retarder;fermentation retarder;ralentisseur de fermentation 
potential as flavoring;flavoring;aromatisants
potential as sweetener;sweetener;�dulcorant
preservative;preservative;conservateur
stabilizer;stabilizer;stabilisant
sweetener;sweetener;�dulcorant
tenderizer;tenderizer;attendrisseur
thickening agent;thickening agent;agent �paississant
crop diseases;crop diseases;maladies des cultures
crop pests;crop pests;ravageurs des cultures
for crop diseases;crop diseases;maladies des cultures
potential for crop diseases in sugarcane;crop diseases;maladies des cultures
test organism for crop diseases;crop diseases;maladies des cultures
honey production;honey;miel
potential for honey production;honey;miel
agroforestry;agroforestry;agroforesterie
boundary/barrier/support;barrier / support;barri�re / support
erosion control;erosion control;contr�le de l'�rosion
firebreak;firebreak;coupe-feu
hemiparasite host;hemiparasite host;h�te h�miparasite
lawn/turf;lawn / turf;pelouse / gazon
ornamental;ornamental;ornemental
pollution control;pollution control;contr�le de la pollution
potential as boundary/barrier/support;barrier / support;barri�re / support
potential as lawn/turf;lawn / turf;pelouse / gazon
potential as ornamental;ornamental;ornemental
potential as revegetator;revegetator;rev�g�talisation
potential as shade/shelter;shade / shelter;ombre / abri
potential as soil improver;soil improvement;am�lioration des sols
potential for agroforestry;agroforestry;agroforesterie
potential for erosion control;erosion control;contr�le de l'�rosion
potential for pollution control;pollution control;contr�le de la pollution
revegetator;revegetator;rev�g�talisation
shade/shelter;shade / shelter;ombre / abri
soil improver;soil improvement;am�lioration des sols
wildlife habitat;wildlife habitat;habitat faunique
beverage base;beverage base;boisson
cereal;cereals;c�r�ales
fruit;fruits;fruits
gum/mucilage;gum / mucilage;gomme / mucilage
nut;nut;fruit � coque
oil/fat;oil / fat;huile / graisse
potential as beverage base;beverage base;boisson
potential as cereal;cereals;c�r�ales
potential as fruit;fruits;fruits
potential as gum/mucilage;gum / mucilage;gomme / mucilage
potential as nut;nut;fruit � coque
potential as oil/fat;oil / fat;huile / graisse
potential as pulse;pulse;l�gume sec
potential as seeds;seeds;semences
potential as starch;starch;amidon
potential as sugar;sugar;sucre
potential as vegetable;vegetable;l�gume
potential source of waxy-starch;waxy-starch;amidon cireux 
pseudocereal;pseudocereal;pseudoc�r�ale
pulse;pulse;l�gume sec
seeds;seeds;graines
starch;starch;amidon
sugar;sugar;sucre
vegetable;vegetable;l�gume
fodder;fodder;fourrage
forage;fodder;fourrage
potential as fodder;fodder;fourrage
potential as forage;fodder;fourrage
charcoal;charcoal;charbon de bois
fuelwood;firewood;bois de feu
miscellaneous fuel;fuel;combustible
petroleum substitute/alcohol;substitute oil / alcohol;substitut de p�trole / alcool
potential as biomass for energy generation;biomass for energy production;biomasse pour la production d'�nergie
potential as charcoal;charcoal;charbon de bois
potential as fuelwood;firewood;bois de feu
potential as miscellaneous fuel;fuel;carburant
potential as petroleum substitute/alcohol;substitute oil / alcohol;substitut de p�trole / alcool
cold tolerance for apricot;cold tolerance;tol�rance au froid
cold tolerance for chickpea;cold tolerance;tol�rance au froid
cold tolerance for citrus;cold tolerance;tol�rance au froid
cold tolerance for currant;cold tolerance;tol�rance au froid
cold tolerance for English walnut;cold tolerance;tol�rance au froid
cold tolerance for European filbert;cold tolerance;tol�rance au froid
cold tolerance for Japanese plum;cold tolerance;tol�rance au froid
cold tolerance for leucaena;cold tolerance;tol�rance au froid
cold tolerance for lowbush blueberry;cold tolerance;tol�rance au froid
cold tolerance for pear;cold tolerance;tol�rance au froid
cold tolerance for plum;cold tolerance;tol�rance au froid
cold tolerance for potato;cold tolerance;tol�rance au froid
cold tolerance for red currant;cold tolerance;tol�rance au froid
cold tolerance for sugarbeet;cold tolerance;tol�rance au froid
cold tolerance for sugarcane;cold tolerance;tol�rance au froid
cold tolerance for wine grape;cold tolerance;tol�rance au froid
crop quality for almond;crop quality;qualit� des cultures
crop quality for bamboo;crop quality;qualit� des cultures
crop quality for blackberry;crop quality;qualit� des cultures
crop quality for broccoli;crop quality;qualit� des cultures
crop quality for cotton;crop quality;qualit� des cultures
crop quality for cranberry;crop quality;qualit� des cultures
crop quality for highbush blueberry;crop quality;qualit� des cultures
crop quality for Japanese plum;crop quality;qualit� des cultures
crop quality for lowbush blueberry;crop quality;qualit� des cultures
crop quality for pepino;crop quality;qualit� des cultures
crop quality for red raspberry;crop quality;qualit� des cultures
crop quality for rice;crop quality;qualit� des cultures
crop quality for sunflower;crop quality;qualit� des cultures
crop quality for wine grape;crop quality;qualit� des cultures
crop quality in red raspberry;crop quality;qualit� des cultures
cytoplasmic male sterility for cabbage/kale;cytoplasmic male sterility;st�rilit� m�le cytoplasmique
cytoplasmic male sterility for cotton;cytoplasmic male sterility;st�rilit� m�le cytoplasmique
cytoplasmic male sterility for mustard;cytoplasmic male sterility;st�rilit� m�le cytoplasmique
cytoplasmic male sterility for rape;cytoplasmic male sterility;st�rilit� m�le cytoplasmique
cytoplasmic male sterility for rice;cytoplasmic male sterility;st�rilit� m�le cytoplasmique
cytoplasmic male sterility for sunflower;cytoplasmic male sterility;st�rilit� m�le cytoplasmique
cytoplasmic male sterility for Welsh onion;cytoplasmic male sterility;st�rilit� m�le cytoplasmique
disease resistance for almond;disease resistance;r�sistance aux maladies
disease resistance for American chestnut;disease resistance;r�sistance aux maladies
disease resistance for apple;disease resistance;r�sistance aux maladies
disease resistance for apricot;disease resistance;r�sistance aux maladies
disease resistance for arabica coffee;disease resistance;r�sistance aux maladies
disease resistance for barley;disease resistance;r�sistance aux maladies
disease resistance for blackberry;disease resistance;r�sistance aux maladies
disease resistance for black currant;disease resistance;r�sistance aux maladies
disease resistance for butternut;disease resistance;r�sistance aux maladies
disease resistance for capsicum pepper;disease resistance;r�sistance aux maladies
disease resistance for cassava;disease resistance;r�sistance aux maladies
disease resistance for chestnut;disease resistance;r�sistance aux maladies
disease resistance for citrus;disease resistance;r�sistance aux maladies
disease resistance for common bean;disease resistance;r�sistance aux maladies
disease resistance for eggplant;disease resistance;r�sistance aux maladies
disease resistance for elms;disease resistance;r�sistance aux maladies
disease resistance for English walnut;disease resistance;r�sistance aux maladies
disease resistance for gooseberry;disease resistance;r�sistance aux maladies
disease resistance for grass-pea;disease resistance;r�sistance aux maladies
disease resistance for highbush blueberry;disease resistance;r�sistance aux maladies
disease resistance for <I>pepo</I> pumpkin/squash;disease resistance;r�sistance aux maladies
disease resistance for Japanese plum;disease resistance;r�sistance aux maladies
disease resistance for lettuce;disease resistance;r�sistance aux maladies
disease resistance for leucaena;disease resistance;r�sistance aux maladies
disease resistance for Lima bean;disease resistance;r�sistance aux maladies
disease resistance for maize;disease resistance;r�sistance aux maladies
disease resistance for mango;disease resistance;r�sistance aux maladies
disease resistance for mustard;disease resistance;r�sistance aux maladies
disease resistance for myrobalan plum;disease resistance;r�sistance aux maladies
disease resistance for oat;disease resistance;r�sistance aux maladies
disease resistance for onion;disease resistance;r�sistance aux maladies
disease resistance for pea;disease resistance;r�sistance aux maladies
disease resistance for peach;disease resistance;r�sistance aux maladies
disease resistance for peanut;disease resistance;r�sistance aux maladies
disease resistance for pear;disease resistance;r�sistance aux maladies
disease resistance for potato;disease resistance;r�sistance aux maladies
disease resistance for rape;disease resistance;r�sistance aux maladies
disease resistance for red raspberry;disease resistance;r�sistance aux maladies
disease resistance for rice;disease resistance;r�sistance aux maladies
disease resistance for sour cherry;disease resistance;r�sistance aux maladies
disease resistance for spinach;disease resistance;r�sistance aux maladies
disease resistance for sugarcane;disease resistance;r�sistance aux maladies
disease resistance for sunflower;disease resistance;r�sistance aux maladies
disease resistance for sweet cherry;disease resistance;r�sistance aux maladies
disease resistance for tobacco;disease resistance;r�sistance aux maladies
disease resistance for tomato;disease resistance;r�sistance aux maladies
disease resistance for vanilla;disease resistance;r�sistance aux maladies
disease resistance for Welsh onion;disease resistance;r�sistance aux maladies
disease resistance for wheat;disease resistance;r�sistance aux maladies
disease resistance for wine grape;disease resistance;r�sistance aux maladies
disease resistance for zinnia;disease resistance;r�sistance aux maladies
disease resistance in red raspberry;disease resistance;r�sistance aux maladies
drought resistance for Abyssinian cabbage;drought resistance;r�sistance � la s�cheresse
drought resistance for cassava;drought resistance;r�sistance � la s�cheresse
drought resistance for cowpea;drought resistance;r�sistance � la s�cheresse
drought resistance for European filbert;drought resistance;r�sistance � la s�cheresse
drought resistance for highbush blueberry;drought resistance;r�sistance � la s�cheresse
drought resistance for mung-bean;drought resistance;r�sistance � la s�cheresse
drought resistance for mustard;drought resistance;r�sistance � la s�cheresse
drought resistance for oat;drought resistance;r�sistance � la s�cheresse
drought resistance for pear;drought resistance;r�sistance � la s�cheresse
drought resistance for pigeon-pea;drought resistance;r�sistance � la s�cheresse
drought resistance for plum;drought resistance;r�sistance � la s�cheresse
drought resistance for potato;drought resistance;r�sistance � la s�cheresse
drought resistance for sugarbeet;drought resistance;r�sistance � la s�cheresse
drought resistance for sugarcane;drought resistance;r�sistance � la s�cheresse
drought resistance for tomato;drought resistance;r�sistance � la s�cheresse
drought resistance for wheat;drought resistance;r�sistance � la s�cheresse
drought resistance for wine grape;drought resistance;r�sistance � la s�cheresse
early maturity for highbush blueberry;early maturity;maturit� pr�coce
early maturity for sugarcane;early maturity;maturit� pr�coce
gene transfer for onion;gene transfer;transfert de g�nes
gene transfer for onion and Welsh onion;gene transfer;transfert de g�nes
gene transfer for rape;gene transfer;transfert de g�nes
gene transfer for sunflower;gene transfer;transfert de g�nes
gene transfer for Welsh onion;gene transfer;transfert de g�nes
graft stock;graft;greffe
graft stock for cactus;graft;greffe
graft stock for Callery pear;graft;greffe
graft stock for chicle;graft;greffe
graft stock for fig;graft;greffe
graft stock for hua hong apple;graft;greffe
graft stock for <I>Annona</I>;graft;greffe
graft stock for kaki;graft;greffe
graft stock for loquat;graft;greffe
graft stock for lulo;graft;greffe
graft stock for mangosteen;graft;greffe
graft stock for quinine;graft;greffe
graft stock for waratah;graft;greffe
graft stock relative for almond;graft;greffe
graft stock relative for American chestnut;graft;greffe
graft stock relative for apple;graft;greffe
graft stock relative for apricot;graft;greffe
graft stock relative for arabica coffee;graft;greffe
graft stock relative for Asian pear;graft;greffe
graft stock relative for avocado;graft;greffe
graft stock relative for black currant;graft;greffe
graft stock relative for black walnut;graft;greffe
graft stock relative for chestnut;graft;greffe
graft stock relative for citrus;graft;greffe
graft stock relative for cucumber;graft;greffe
graft stock relative for eggplant;graft;greffe
graft stock relative for English walnut;graft;greffe
graft stock relative for European filbert;graft;greffe
graft stock relative for gooseberry;graft;greffe
graft stock relative for grapefruit (citrus);graft;greffe
graft stock relative for lentil;graft;greffe
graft stock relative for loquat;graft;greffe
graft stock relative for melon;graft;greffe
graft stock relative for orange (citrus);graft;greffe
graft stock relative for ornamental cherries;graft;greffe
graft stock relative for peach;graft;greffe
graft stock relative for pear;graft;greffe
graft stock relative for pecan;graft;greffe
graft stock relative for pistachio;graft;greffe
graft stock relative for plum;graft;greffe
graft stock relative for sour cherry;graft;greffe
graft stock relative for sweet cherry;graft;greffe
graft stock relative for Turkish filbert;graft;greffe
graft stock relative for watermelon;graft;greffe
graft stock relative for wine grape;graft;greffe
growth habit for black currant;growth habit;habitat pour culture
growth habit for highbush blueberry;growth habit;habitat pour culture
heat tolerance for red raspberry;heat tolerance;tol�rance � la chaleur
high yield for bamboo;increased yields;augmentation des rendements
high yield for black currant;increased yields;augmentation des rendements
high yield for chickpea;increased yields;augmentation des rendements
high yield for eggplant;increased yields;augmentation des rendements
high yield for gooseberry;increased yields;augmentation des rendements
high yield for leucaena;increased yields;augmentation des rendements
high yield for oat;increased yields;augmentation des rendements
high yield for pea;increased yields;augmentation des rendements
high yield for red raspberry;increased yields;augmentation des rendements
high yield for rice;increased yields;augmentation des rendements
high yield for soybean;increased yields;augmentation des rendements
high yield for wine grape;increased yields;augmentation des rendements
late maturity for black currant;late maturity;maturit� tardive
metal tolerance for cassava;metal tolerance;tol�rance aux m�taux
metal tolerance for rice;metal tolerance;tol�rance aux m�taux
ornamental features;ornamental;ornemental
pest resistance for almond;pest resistance;r�sistance aux ravageurs
pest resistance for arabica coffee;pest resistance;r�sistance aux ravageurs
pest resistance for black currant;pest resistance;r�sistance aux ravageurs
pest resistance for cassava;pest resistance;r�sistance aux ravageurs
pest resistance for chickpea;pest resistance;r�sistance aux ravageurs
pest resistance for citrus;pest resistance;r�sistance aux ravageurs
pest resistance for cotton;pest resistance;r�sistance aux ravageurs
pest resistance for eggplant;pest resistance;r�sistance aux ravageurs
pest resistance for gooseberry;pest resistance;r�sistance aux ravageurs
pest resistance for leucaena;pest resistance;r�sistance aux ravageurs
pest resistance for oat;pest resistance;r�sistance aux ravageurs
pest resistance for peach;pest resistance;r�sistance aux ravageurs
pest resistance for pear;pest resistance;r�sistance aux ravageurs
pest resistance for pigeon-pea;pest resistance;r�sistance aux ravageurs
pest resistance for potato;pest resistance;r�sistance aux ravageurs
pest resistance for sour cherry;pest resistance;r�sistance aux ravageurs
pest resistance for sunflower;pest resistance;r�sistance aux ravageurs
pest resistance for sweet cherry;pest resistance;r�sistance aux ravageurs
pest resistance for tobacco;pest resistance;r�sistance aux ravageurs
pest resistance for tomato;pest resistance;r�sistance aux ravageurs
pest resistance for wheat;pest resistance;r�sistance aux ravageurs
pest resistance for wine grape;pest resistance;r�sistance aux ravageurs
poor-soil tolerance for cassava;poor-soil tolerance;tol�rance aux sols pauvres
poor-soil tolerance for centro;poor-soil tolerance;tol�rance aux sols pauvres
poor-soil tolerance for date;poor-soil tolerance;tol�rance aux sols pauvres
poor-soil tolerance for highbush blueberry;poor-soil tolerance;tol�rance aux sols pauvres
possible progenitor of peanut;ancestor;anc�tre
possible progenitor of quinoa;ancestor;anc�tre
potential as graft stock for almond;graft;greffe
potential as graft stock for apricot;graft;greffe
potential as graft stock for avocado;graft;greffe
potential as graft stock for English walnut;graft;greffe
potential as graft stock for European filbert;graft;greffe
potential as graft stock for filbert;graft;greffe
potential as graft stock for loquat;graft;greffe
potential as graft stock for peach;graft;greffe
potential as graft stock for pear;graft;greffe
potential as graft stock for plum;graft;greffe
potential as graft stock for sour cherry;graft;greffe
potential as graft stock for sweet cherry;graft;greffe
potential as graft stock for wine grape;graft;greffe
potential as graft stock relative for citrus;graft;greffe
potential as graft stock relative for lemon (citrus);graft;greffe
potential crop quality for robusta coffee;crop quality;augmentation des rendements
potential for cold hardiness in red currant;cold hardiness;r�sistance au froid
potential for cold hardiness in sour cherry;cold hardiness;r�sistance au froid
potential for cold hardiness in sweet cherry;cold hardiness;r�sistance au froid
potential for cold resistance in black currant;cold hardiness;r�sistance au froid
potential for cold tolerance in apple;cold tolerance;tol�rance au froid
potential for cold tolerance in banana;cold tolerance;tol�rance au froid
potential for cold tolerance in barley;cold tolerance;tol�rance au froid
potential for cold tolerance in black currant;cold tolerance;tol�rance au froid
potential for cold tolerance in cassava;cold tolerance;tol�rance au froid
potential for cold tolerance in chickpea;cold tolerance;tol�rance au froid
potential for cold tolerance in citrus;cold tolerance;tol�rance au froid
potential for cold tolerance in common bean;cold tolerance;tol�rance au froid
potential for cold tolerance in crambe;cold tolerance;tol�rance au froid
potential for cold tolerance in filbert;cold tolerance;tol�rance au froid
potential for cold tolerance in gooseberry;cold tolerance;tol�rance au froid
potential for cold tolerance in highbush blueberry;cold tolerance;tol�rance au froid
potential for cold tolerance in kiwifruit;cold tolerance;tol�rance au froid
potential for cold tolerance in pear;cold tolerance;tol�rance au froid
potential for cold tolerance in potato;cold tolerance;tol�rance au froid
potential for cold tolerance in rice;cold tolerance;tol�rance au froid
potential for cold tolerance in sugarcane;cold tolerance;tol�rance au froid
potential for crop quality in black currant;crop quality;qualit� des cultures
potential for crop quality in cassava;crop quality;qualit� des cultures
potential for crop quality in gooseberry;crop quality;qualit� des cultures
potential for crop quality in hardy kiwifruit;crop quality;qualit� des cultures
potential for crop quality in highbush blueberry;crop quality;qualit� des cultures
potential for crop quality in kiwifruit;crop quality;qualit� des cultures
potential for crop quality in oat;crop quality;qualit� des cultures
potential for crop quality in rape;crop quality;qualit� des cultures
potential for crop quality in red currant;crop quality;qualit� des cultures
potential for crop quality in red raspberry;crop quality;qualit� des cultures
potential for crop quality in strawberry;crop quality;qualit� des cultures
potential for crop quality in sunflower;crop quality;qualit� des cultures
potential for crop quality in sweet cherry;crop quality;qualit� des cultures
potential for crop quality in tobacco;crop quality;qualit� des cultures
potential for crop quality in tree-tomato;crop quality;qualit� des cultures
potential for crop quality in wine grape;crop quality;qualit� des cultures
potential for cytoplasmic male sterility in chili pepper;cytoplasmic male sterility;st�rilit� m�le cytoplasmique
potential for cytoplasmic male sterility in mustard;cytoplasmic male sterility;st�rilit� m�le cytoplasmique
potential for cytoplasmic male sterility in oilseed rape;cytoplasmic male sterility;st�rilit� m�le cytoplasmique
potential for cytoplasmic male sterility in sunflower;cytoplasmic male sterility;st�rilit� m�le cytoplasmique
potential for disease resistance in alfalfa;disease resistance;r�sistance aux maladies
potential for disease resistance in almond;disease resistance;r�sistance aux maladies
potential for disease resistance in American chestnut;disease resistance;r�sistance aux maladies
potential for disease resistance in apple;disease resistance;r�sistance aux maladies
potential for disease resistance in asparagus;disease resistance;r�sistance aux maladies
potential for disease resistance in avocado;disease resistance;r�sistance aux maladies
potential for disease resistance in blackberry;disease resistance;r�sistance aux maladies
potential for disease resistance in black currant;disease resistance;r�sistance aux maladies
potential for disease resistance in cabbage/kale;disease resistance;r�sistance aux maladies
potential for disease resistance in cassava;disease resistance;r�sistance aux maladies
potential for disease resistance in chickpea;disease resistance;r�sistance aux maladies
potential for disease resistance in Chinese chestnut;disease resistance;r�sistance aux maladies
potential for disease resistance in citrus;disease resistance;r�sistance aux maladies
potential for disease resistance in cotton;disease resistance;r�sistance aux maladies
potential for disease resistance in cucurbits;disease resistance;r�sistance aux maladies
potential for disease resistance in eggplant;disease resistance;r�sistance aux maladies
potential for disease resistance in English walnut;disease resistance;r�sistance aux maladies
potential for disease resistance in faba bean;disease resistance;r�sistance aux maladies
potential for disease resistance in filbert;disease resistance;r�sistance aux maladies
potential for disease resistance in gooseberry;disease resistance;r�sistance aux maladies
potential for disease resistance in <I>pepo</I> pumpkin/squash;disease resistance;r�sistance aux maladies
potential for disease resistance in Japanese plum;disease resistance;r�sistance aux maladies
potential for disease resistance in lentil;disease resistance;r�sistance aux maladies
potential for disease resistance in lettuce;disease resistance;r�sistance aux maladies
potential for disease resistance in maize;disease resistance;r�sistance aux maladies
potential for disease resistance in melon;disease resistance;r�sistance aux maladies
potential for disease resistance in mustard;disease resistance;r�sistance aux maladies
potential for disease resistance in oat;disease resistance;r�sistance aux maladies
potential for disease resistance in pea;disease resistance;r�sistance aux maladies
potential for disease resistance in peanut;disease resistance;r�sistance aux maladies
potential for disease resistance in pear;disease resistance;r�sistance aux maladies
potential for disease resistance in pineapple;disease resistance;r�sistance aux maladies
potential for disease resistance in plum;disease resistance;r�sistance aux maladies
potential for disease resistance in potato;disease resistance;r�sistance aux maladies
potential for disease resistance in rape;disease resistance;r�sistance aux maladies
potential for disease resistance in red currant;disease resistance;r�sistance aux maladies
potential for disease resistance in red raspberry;disease resistance;r�sistance aux maladies
potential for disease resistance in rice;disease resistance;r�sistance aux maladies
potential for disease resistance in soybean;disease resistance;r�sistance aux maladies
potential for disease resistance in sugarbeet;disease resistance;r�sistance aux maladies
potential for disease resistance in sugarcane;disease resistance;r�sistance aux maladies
potential for disease resistance in sunflower;disease resistance;r�sistance aux maladies
potential for disease resistance in sweet cherry;disease resistance;r�sistance aux maladies
potential for disease resistance in sweet-potato;disease resistance;r�sistance aux maladies
potential for disease resistance in tobacco;disease resistance;r�sistance aux maladies
potential for disease resistance in tomato;disease resistance;r�sistance aux maladies
potential for disease resistance in tree-tomato;disease resistance;r�sistance aux maladies
potential for disease resistance in turnip;disease resistance;r�sistance aux maladies
potential for disease resistance in wheat;disease resistance;r�sistance aux maladies
potential for disease resistance in wine grape;disease resistance;r�sistance aux maladies
potential for drought resistance in alfalfa;drought resistance;r�sistance � la s�cheresse
potential for drought resistance in apple;drought resistance;r�sistance � la s�cheresse
potential for drought resistance in asparagus;drought resistance;r�sistance � la s�cheresse
potential for drought resistance in cassava;drought resistance;r�sistance � la s�cheresse
potential for drought resistance in chickpea;drought resistance;r�sistance � la s�cheresse
potential for drought resistance in citrus;drought resistance;r�sistance � la s�cheresse
potential for drought resistance in cowpeas;drought resistance;r�sistance � la s�cheresse
potential for drought resistance in crambe;drought resistance;r�sistance � la s�cheresse
potential for drought resistance in highbush blueberry;drought resistance;r�sistance � la s�cheresse
potential for drought resistance in Japanese plum;drought resistance;r�sistance � la s�cheresse
potential for drought resistance in oat;drought resistance;r�sistance � la s�cheresse
potential for drought resistance in peach;drought resistance;r�sistance � la s�cheresse
potential for drought resistance in pear;drought resistance;r�sistance � la s�cheresse
potential for drought resistance in red currant;drought resistance;r�sistance � la s�cheresse
potential for drought resistance in red raspberry;drought resistance;r�sistance � la s�cheresse
potential for drought resistance in rye;drought resistance;r�sistance � la s�cheresse
potential for drought resistance in short-staple cotton;drought resistance;r�sistance � la s�cheresse
potential for drought resistance in soybean;drought resistance;r�sistance � la s�cheresse
potential for drought resistance in sugarcane;drought resistance;r�sistance � la s�cheresse
potential for drought resistance in sunflower;drought resistance;r�sistance � la s�cheresse
potential for drought resistance in sweet-potato;drought resistance;r�sistance � la s�cheresse
potential for drought resistance in wheat;drought resistance;r�sistance � la s�cheresse
potential for drought tolerance in cotton;drought resistance;r�sistance � la s�cheresse
potential for drought tolerance in watermelon;drought resistance;r�sistance � la s�cheresse
potential for drought tolerance in wheat;drought resistance;r�sistance � la s�cheresse
potential for dwarfing in apple;dwarfing;nanisme
potential for early maturity in highbush blueberry;early maturity;maturit� pr�coce
potential for gene transfer in cowpea;gene transfer;transfert de g�nes
potential for gene transfer in filbert;gene transfer;transfert de g�nes
potential for gene transfer in mustard;gene transfer;transfert de g�nes
potential for gene transfer in rape;gene transfer;transfert de g�nes
potential for gene transfer in sweet-potato;gene transfer;transfert de g�nes
potential for gene transfer in turnip;gene transfer;transfert de g�nes
potential for growth habit in filbert;growth habit;habitat pour culture
potential for growth habit in gooseberry;growth habit;habitat pour culture
potential for heat tolerance in red raspberry;heat tolerance;tol�rance � la chaleur
potential for high yield in chickpea;increased yields;augmentation des rendements
potential for high yield in maize;increased yields;augmentation des rendements
potential for high yield in oat;increased yields;augmentation des rendements
potential for high yield in red currant;increased yields;augmentation des rendements
potential for high yield in red raspberry;increased yields;augmentation des rendements
potential for high yield in rice;increased yields;augmentation des rendements
potential for high yield in sunflower;increased yields;augmentation des rendements
potential for late maturity in red currant;late maturity;maturit� tardive
potential for metal tolerance in cassava;metal tolerance;tol�rance aux m�taux
potential for natural fruit abscission in cacao;natural abscission;abscission naturelle
potential for ornamental features;ornamental;ornemental
potential for ornamental features in cherries;ornamental;ornemental
potential for pest resistance in arabica coffee;pest resistance;r�sistance aux ravageurs
potential for pest resistance in azuki-bean;pest resistance;r�sistance aux ravageurs
potential for pest resistance in black currant;pest resistance;r�sistance aux ravageurs
potential for pest resistance in cabbage/kale;pest resistance;r�sistance aux ravageurs
potential for pest resistance in cassava;pest resistance;r�sistance aux ravageurs
potential for pest resistance in chickpea;pest resistance;r�sistance aux ravageurs
potential for pest resistance in Chinese chestnut;pest resistance;r�sistance aux ravageurs
potential for pest resistance in citrus;pest resistance;r�sistance aux ravageurs
potential for pest resistance in clover;pest resistance;r�sistance aux ravageurs
potential for pest resistance in cotton;pest resistance;r�sistance aux ravageurs
potential for pest resistance in cowpea;pest resistance;r�sistance aux ravageurs
potential for pest resistance in faba bean;pest resistance;r�sistance aux ravageurs
potential for pest resistance in gooseberry;pest resistance;r�sistance aux ravageurs
potential for pest resistance in highbush blueberry;pest resistance;r�sistance aux ravageurs
potential for pest resistance in Japanese chestnut;pest resistance;r�sistance aux ravageurs
potential for pest resistance in lentil;pest resistance;r�sistance aux ravageurs
potential for pest resistance in maize;pest resistance;r�sistance aux ravageurs
potential for pest resistance in melon;pest resistance;r�sistance aux ravageurs
potential for pest resistance in red clover;pest resistance;r�sistance aux ravageurs
potential for pest resistance in rice;pest resistance;r�sistance aux ravageurs
potential for pest resistance in robusta coffee;pest resistance;r�sistance aux ravageurs
potential for pest resistance in sunflower;pest resistance;r�sistance aux ravageurs
potential for pest resistance in sweet-potato;pest resistance;r�sistance aux ravageurs
potential for pest resistance in watermelon;pest resistance;r�sistance aux ravageurs
potential for pest resistance in wheat;pest resistance;r�sistance aux ravageurs
potential for pest resistance in wine grape;pest resistance;r�sistance aux ravageurs
potential for poor-soil tolerance in asparagus;poor-soil tolerance;tol�rance au sols pauvres
potential for poor-soil tolerance in cassava;poor-soil tolerance;tol�rance au sols pauvres
potential for poor-soil tolerance in highbush blueberry;poor-soil tolerance;tol�rance au sols pauvres
potential for poor-soil tolerance in pear;poor-soil tolerance;tol�rance au sols pauvres
potential for reducing lateral branching or canopy size in cacao;growth habit;habitat pour culture
potential for salt tolerance in alfalfa;salt tolerance;tol�rance au sel
potential for salt tolerance in apple;salt tolerance;tol�rance au sel
potential for salt tolerance in asparagus;salt tolerance;tol�rance au sel
potential for salt tolerance in cowpeas;salt tolerance;tol�rance au sel
potential for salt tolerance in filbert;salt tolerance;tol�rance au sel
potential for salt tolerance in graft stock for citrus;salt tolerance;tol�rance au sel
potential for salt tolerance in peach;salt tolerance;tol�rance au sel
potential for salt tolerance in rice;salt tolerance;tol�rance au sel
potential for salt tolerance in wheat;salt tolerance;tol�rance au sel
potential for waterlogging tolerance in apple;waterlogging tolerance;tol�rance de l'engorgement
potential for waterlogging tolerance in citrus;waterlogging tolerance;tol�rance de l'engorgement
potential for waterlogging tolerance in maize;waterlogging tolerance;tol�rance de l'engorgement
potential for waterlogging tolerance in peanut;waterlogging tolerance;tol�rance de l'engorgement
potential gene source for African oil palm;gene source;source de g�nes
potential gene source for banana passionfruit;gene source;source de g�nes
potential gene source for biomass energy plants;gene source;source de g�nes
potential gene source for bird's-foot trefoil;gene source;source de g�nes
potential gene source for blackberry;gene source;source de g�nes
potential gene source for citrus;gene source;source de g�nes
potential gene source for creeping bent grass;gene source;source de g�nes
potential gene source for fonio;gene source;source de g�nes
potential gene source for gladiolus;gene source;source de g�nes
potential gene source for grass-pea;gene source;source de g�nes
potential gene source for guayule;gene source;source de g�nes
potential gene source for <I>Annona</I> fruits;gene source;source de g�nes
potential gene source for <I>Canavalia</I> pulses;gene source;source de g�nes
potential gene source for <I>Cuphea</I>;gene source;source de g�nes
potential gene source for Inca-wheat & prince's-feather;gene source;source de g�nes
potential gene source for leucaena;gene source;source de g�nes
potential gene source for melon;gene source;source de g�nes
potential gene source for pea;gene source;source de g�nes
potential gene source for petai;gene source;source de g�nes
potential gene source for pigeon-pea;gene source;source de g�nes
potential gene source for red currant;gene source;source de g�nes
potential gene source for sainfoin;gene source;source de g�nes
potential gene source for stylo;gene source;source de g�nes
potential gene source for switch grass;gene source;source de g�nes
potential gene source for tarwi;gene source;source de g�nes
potential gene source for tribal pulses;gene source;source de g�nes
potential gene source for waratah;gene source;source de g�nes
potential gene source for yellow cinchona;gene source;source de g�nes
potential gene source for yellow lupin;gene source;source de g�nes
potential gene source for zerumbet ginger;gene source;source de g�nes
potential graft stock for red currant;graft;greffe
primary genetic relative of A-genome bananas;genetic input;apport g�n�tique
primary genetic relative of alfalfa;genetic input;apport g�n�tique
primary genetic relative of almond;genetic input;apport g�n�tique
primary genetic relative of American chestnut;genetic input;apport g�n�tique
primary genetic relative of Amur grape;genetic input;apport g�n�tique
primary genetic relative of apple;genetic input;apport g�n�tique
primary genetic relative of apricot;genetic input;apport g�n�tique
primary genetic relative of arabica coffee;genetic input;apport g�n�tique
primary genetic relative of arracacha;genetic input;apport g�n�tique
primary genetic relative of Asian pear;genetic input;apport g�n�tique
primary genetic relative of asparagus;genetic input;apport g�n�tique
primary genetic relative of avocado;genetic input;apport g�n�tique
primary genetic relative of azuki-bean;genetic input;apport g�n�tique
primary genetic relative of B-genome bananas;genetic input;apport g�n�tique
primary genetic relative of bilberry;genetic input;apport g�n�tique
primary genetic relative of blackberry;genetic input;apport g�n�tique
primary genetic relative of black currant;genetic input;apport g�n�tique
primary genetic relative of black mustard;genetic input;apport g�n�tique
primary genetic relative of black raspberry;genetic input;apport g�n�tique
primary genetic relative of black walnut;genetic input;apport g�n�tique
primary genetic relative of blue lupine;genetic input;apport g�n�tique
primary genetic relative of cassava;genetic input;apport g�n�tique
primary genetic relative of cherimoya;genetic input;apport g�n�tique
primary genetic relative of chestnut;genetic input;apport g�n�tique
primary genetic relative of chickpea;genetic input;apport g�n�tique
primary genetic relative of chicory;genetic input;apport g�n�tique
primary genetic relative of Chinese chestnut;genetic input;apport g�n�tique
primary genetic relative of Chinese chives;genetic input;apport g�n�tique
primary genetic relative of cotton;genetic input;apport g�n�tique
primary genetic relative of cranberry;genetic input;apport g�n�tique
primary genetic relative of date;genetic input;apport g�n�tique
primary genetic relative of edible Fe'i bananas;genetic input;apport g�n�tique
primary genetic relative of eggplant;genetic input;apport g�n�tique
primary genetic relative of einkorn wheat;genetic input;apport g�n�tique
primary genetic relative of emmer wheat;genetic input;apport g�n�tique
primary genetic relative of endive;genetic input;apport g�n�tique
primary genetic relative of English walnut;genetic input;apport g�n�tique
primary genetic relative of European filbert;genetic input;apport g�n�tique
primary genetic relative of flax;genetic input;apport g�n�tique
primary genetic relative of garlic;genetic input;apport g�n�tique
primary genetic relative of golden kiwifruit;genetic input;apport g�n�tique
primary genetic relative of gooseberry;genetic input;apport g�n�tique
primary genetic relative of habanero pepper;genetic input;apport g�n�tique
primary genetic relative of hardy kiwifruit;genetic input;apport g�n�tique
primary genetic relative of highbush blueberry;genetic input;apport g�n�tique
primary genetic relative of Japanese chestnut;genetic input;apport g�n�tique
primary genetic relative of Japanese plum;genetic input;apport g�n�tique
primary genetic relative of kiwifruit;genetic input;apport g�n�tique
primary genetic relative of leek;genetic input;apport g�n�tique
primary genetic relative of lettuce;genetic input;apport g�n�tique
primary genetic relative of Lima bean;genetic input;apport g�n�tique
primary genetic relative of lingonberry;genetic input;apport g�n�tique
primary genetic relative of loquat;genetic input;apport g�n�tique
primary genetic relative of lowbush blueberry;genetic input;apport g�n�tique
primary genetic relative of lulo;genetic input;apport g�n�tique
primary genetic relative of muscadine grape;genetic input;apport g�n�tique
primary genetic relative of myrobalan plum;genetic input;apport g�n�tique
primary genetic relative of northern black wattle;genetic input;apport g�n�tique
primary genetic relative of oat;genetic input;apport g�n�tique
primary genetic relative of onion;genetic input;apport g�n�tique
primary genetic relative of papaya;genetic input;apport g�n�tique
primary genetic relative of peach;genetic input;apport g�n�tique
primary genetic relative of peanut;genetic input;apport g�n�tique
primary genetic relative of pear;genetic input;apport g�n�tique
primary genetic relative of pecan;genetic input;apport g�n�tique
primary genetic relative of pepino;genetic input;apport g�n�tique
primary genetic relative of pigeon-pea;genetic input;apport g�n�tique
primary genetic relative of pinto peanut;genetic input;apport g�n�tique
primary genetic relative of pistachio;genetic input;apport g�n�tique
primary genetic relative of plum;genetic input;apport g�n�tique
primary genetic relative of potato;genetic input;apport g�n�tique
primary genetic relative of quinoa;genetic input;apport g�n�tique
primary genetic relative of rabbit-eye blueberry;genetic input;apport g�n�tique
primary genetic relative of radish;genetic input;apport g�n�tique
primary genetic relative of red currant;genetic input;apport g�n�tique
primary genetic relative of red raspberry;genetic input;apport g�n�tique
primary genetic relative of rice;genetic input;apport g�n�tique
primary genetic relative of rice-bean;genetic input;apport g�n�tique
primary genetic relative of robusta coffee;genetic input;apport g�n�tique
primary genetic relative of rocoto;genetic input;apport g�n�tique
primary genetic relative of safflower;genetic input;apport g�n�tique
primary genetic relative of Sea Island cotton;genetic input;apport g�n�tique
primary genetic relative of sorghum;genetic input;apport g�n�tique
primary genetic relative of soybean;genetic input;apport g�n�tique
primary genetic relative of spinach;genetic input;apport g�n�tique
primary genetic relative of strawberry;genetic input;apport g�n�tique
primary genetic relative of sugarbeet;genetic input;apport g�n�tique
primary genetic relative of sugarcane;genetic input;apport g�n�tique
primary genetic relative of sunflower;genetic input;apport g�n�tique
primary genetic relative of sweet cherry;genetic input;apport g�n�tique
primary genetic relative of Tabasco pepper;genetic input;apport g�n�tique
primary genetic relative of tarwi;genetic input;apport g�n�tique
primary genetic relative of teff;genetic input;apport g�n�tique
primary genetic relative of tomato;genetic input;apport g�n�tique
primary genetic relative of tree cotton;genetic input;apport g�n�tique
primary genetic relative of tree-tomato;genetic input;apport g�n�tique
primary genetic relative of Turkish filbert;genetic input;apport g�n�tique
primary genetic relative of Ussurian pear;genetic input;apport g�n�tique
primary genetic relative of vanilla;genetic input;apport g�n�tique
primary genetic relative of watermelon;genetic input;apport g�n�tique
primary genetic relative of Welsh onion;genetic input;apport g�n�tique
primary genetic relative of wheat;genetic input;apport g�n�tique
primary genetic relative of white mustard;genetic input;apport g�n�tique
primary genetic relative of year bean;genetic input;apport g�n�tique
primary genetic relative of yellow lupine;genetic input;apport g�n�tique
probable progenitor of almond;progenitor;anc�tre
probable progenitor of arabica coffee;progenitor;anc�tre
probable progenitor of chickpea;progenitor;anc�tre
probable progenitor of domesticated apple;progenitor;anc�tre
probable progenitor of durian;progenitor;anc�tre
probable progenitor of edible Fe'i bananas;progenitor;anc�tre
probable progenitor of endive;progenitor;anc�tre
probable progenitor of garlic;progenitor;anc�tre
probable progenitor of Inca-wheat;progenitor;anc�tre
probable progenitor of leek;progenitor;anc�tre
probable progenitor of peanut;progenitor;anc�tre
probable progenitor of pepino;progenitor;anc�tre
probable progenitor of plum;progenitor;anc�tre
probable progenitor of rice;progenitor;anc�tre
probable progenitor of rocoto;progenitor;anc�tre
probable progenitor of safflower;progenitor;anc�tre
probable progenitor of sisal agave;progenitor;anc�tre
probable progenitor of sweet-potato;progenitor;anc�tre
probable progenitor of tarwi;progenitor;anc�tre
probable progenitor of Virginia strawberry;progenitor;anc�tre
progenitor of Abyssinian cabbage;progenitor;anc�tre
progenitor of A-genome in wheat;progenitor;anc�tre
progenitor of atemoya;progenitor;anc�tre
progenitor of bergamot (citrus);progenitor;anc�tre
progenitor of B-genome in wheat;progenitor;anc�tre
progenitor of breadfruit;progenitor;anc�tre
progenitor of combava (citrus);progenitor;anc�tre
progenitor of Duke cherry;progenitor;anc�tre
progenitor of flax;progenitor;anc�tre
progenitor of gboma eggplant;progenitor;anc�tre
progenitor of gooseberry;progenitor;anc�tre
progenitor of grapefruit (citrus);progenitor;anc�tre
progenitor of hausa-potato;progenitor;anc�tre
progenitor of <I>Pyronia</I>;progenitor;anc�tre
progenitor of kiwifruit;progenitor;anc�tre
progenitor of leek;progenitor;anc�tre
progenitor of lemon (citrus);progenitor;anc�tre
progenitor of lemon cultivars (citrus);progenitor;anc�tre
progenitor of lime (citrus);progenitor;anc�tre
progenitor of limequat (citrus);progenitor;anc�tre
progenitor of mandarin cultivars (citrus);progenitor;anc�tre
progenitor of mustard;progenitor;anc�tre
progenitor of nectarine;progenitor;anc�tre
progenitor of onion;progenitor;anc�tre
progenitor of ornamental apples;progenitor;anc�tre
progenitor of ornamental cherries;progenitor;anc�tre
progenitor of ornamental <I>Allium</I>;progenitor;anc�tre
progenitor of ornamental <I>Asplenium</I>;progenitor;anc�tre
progenitor of ornamental pistachio;progenitor;anc�tre
progenitor of peppermint;progenitor;anc�tre
progenitor of pigeon-pea;progenitor;anc�tre
progenitor of plumcot;progenitor;anc�tre
progenitor of purple raspberry;progenitor;anc�tre
progenitor of rape;progenitor;anc�tre
progenitor of red currant;progenitor;anc�tre
progenitor of rough lemon (citrus);progenitor;anc�tre
progenitor of scarlet eggplant;progenitor;anc�tre
progenitor of sour cherry;progenitor;anc�tre
progenitor of soybean;progenitor;anc�tre
progenitor of strawberry;progenitor;anc�tre
progenitor of sugarcane;progenitor;anc�tre
progenitor of sweet orange (citrus);progenitor;anc�tre
progenitor of Tahitian vanilla;progenitor;anc�tre
progenitor of tangelo (citrus);progenitor;anc�tre
progenitor of tangor (citrus);progenitor;anc�tre
progenitor of teff;progenitor;anc�tre
progenitor of tobacco;progenitor;anc�tre
progenitor of tree-tomato;progenitor;anc�tre
progenitor of Welsh onion;progenitor;anc�tre
research in plant biology;plant biology research;recherche en biologie v�g�tale
salt tolerance for eggplant;salt tolerance;tol�rance au sel
salt tolerance for rice;salt tolerance;tol�rance au sel
salt tolerance for sunflower;salt tolerance;tol�rance au sel
secondary genetic relative of Abyssinian cabbage;genetic input;apport g�n�tique
secondary genetic relative of aji;genetic input;apport g�n�tique
secondary genetic relative of alfalfa;genetic input;apport g�n�tique
secondary genetic relative of almond;genetic input;apport g�n�tique
secondary genetic relative of American chestnut;genetic input;apport g�n�tique
secondary genetic relative of apple;genetic input;apport g�n�tique
secondary genetic relative of apricot;genetic input;apport g�n�tique
secondary genetic relative of arabica coffee;genetic input;apport g�n�tique
secondary genetic relative of artichoke;genetic input;apport g�n�tique
secondary genetic relative of arugula;genetic input;apport g�n�tique
secondary genetic relative of Asian pear;genetic input;apport g�n�tique
secondary genetic relative of asparagus;genetic input;apport g�n�tique
secondary genetic relative of azuki-bean;genetic input;apport g�n�tique
secondary genetic relative of barley;genetic input;apport g�n�tique
secondary genetic relative of bell/chili pepper;genetic input;apport g�n�tique
secondary genetic relative of bilberry;genetic input;apport g�n�tique
secondary genetic relative of bitter-apple;genetic input;apport g�n�tique
secondary genetic relative of blackberry;genetic input;apport g�n�tique
secondary genetic relative of black currant;genetic input;apport g�n�tique
secondary genetic relative of black gram;genetic input;apport g�n�tique
secondary genetic relative of black mustard;genetic input;apport g�n�tique
secondary genetic relative of black raspberry;genetic input;apport g�n�tique
secondary genetic relative of black walnut;genetic input;apport g�n�tique
secondary genetic relative of butternut;genetic input;apport g�n�tique
secondary genetic relative of cabbage/kale;genetic input;apport g�n�tique
secondary genetic relative of carrot;genetic input;apport g�n�tique
secondary genetic relative of cassava;genetic input;apport g�n�tique
secondary genetic relative of chestnut;genetic input;apport g�n�tique
secondary genetic relative of chickpea;genetic input;apport g�n�tique
secondary genetic relative of chicory;genetic input;apport g�n�tique
secondary genetic relative of Chinese chestnut;genetic input;apport g�n�tique
secondary genetic relative of Chinese chives;genetic input;apport g�n�tique
secondary genetic relative of common bean;genetic input;apport g�n�tique
secondary genetic relative of cotton;genetic input;apport g�n�tique
secondary genetic relative of cowpea;genetic input;apport g�n�tique
secondary genetic relative of crambe;genetic input;apport g�n�tique
secondary genetic relative of cranberry;genetic input;apport g�n�tique
secondary genetic relative of date;genetic input;apport g�n�tique
secondary genetic relative of eggplant;genetic input;apport g�n�tique
secondary genetic relative of endive;genetic input;apport g�n�tique
secondary genetic relative of English walnut;genetic input;apport g�n�tique
secondary genetic relative of European filbert;genetic input;apport g�n�tique
secondary genetic relative of fig-leaf gourd;genetic input;apport g�n�tique
secondary genetic relative of flax;genetic input;apport g�n�tique
secondary genetic relative of golden kiwifruit;genetic input;apport g�n�tique
secondary genetic relative of gooseberry;genetic input;apport g�n�tique
secondary genetic relative of habanero pepper;genetic input;apport g�n�tique
secondary genetic relative of hardy kiwifruit;genetic input;apport g�n�tique
secondary genetic relative of highbush blueberry;genetic input;apport g�n�tique
secondary genetic relative of <I>maxima</I> pumpkin/squash;genetic input;apport g�n�tique
secondary genetic relative of <I>moschata</I> pumpkin/squash;genetic input;apport g�n�tique
secondary genetic relative of <I>pepo</I> pumpkin/squash;genetic input;apport g�n�tique
secondary genetic relative of Japanese chestnut;genetic input;apport g�n�tique
secondary genetic relative of Japanese plum;genetic input;apport g�n�tique
secondary genetic relative of kiwifruit;genetic input;apport g�n�tique
secondary genetic relative of lentil;genetic input;apport g�n�tique
secondary genetic relative of lettuce;genetic input;apport g�n�tique
secondary genetic relative of Lima bean;genetic input;apport g�n�tique
secondary genetic relative of lingonberry;genetic input;apport g�n�tique
secondary genetic relative of loquat;genetic input;apport g�n�tique
secondary genetic relative of lowbush blueberry;genetic input;apport g�n�tique
secondary genetic relative of maize;genetic input;apport g�n�tique
secondary genetic relative of mung-bean;genetic input;apport g�n�tique
secondary genetic relative of mustard;genetic input;apport g�n�tique
secondary genetic relative of myrobalan plum;genetic input;apport g�n�tique
secondary genetic relative of Myrobalan plum;genetic input;apport g�n�tique
secondary genetic relative of New World cotton;genetic input;apport g�n�tique
secondary genetic relative of oat;genetic input;apport g�n�tique
secondary genetic relative of ohelo;genetic input;apport g�n�tique
secondary genetic relative of onion;genetic input;apport g�n�tique
secondary genetic relative of papaya;genetic input;apport g�n�tique
secondary genetic relative of parsnip;genetic input;apport g�n�tique
secondary genetic relative of pea;genetic input;apport g�n�tique
secondary genetic relative of peach;genetic input;apport g�n�tique
secondary genetic relative of peanut;genetic input;apport g�n�tique
secondary genetic relative of pear;genetic input;apport g�n�tique
secondary genetic relative of pecan;genetic input;apport g�n�tique
secondary genetic relative of pepino;genetic input;apport g�n�tique
secondary genetic relative of pigeon-pea;genetic input;apport g�n�tique
secondary genetic relative of pineapple;genetic input;apport g�n�tique
secondary genetic relative of pistachio;genetic input;apport g�n�tique
secondary genetic relative of plum;genetic input;apport g�n�tique
secondary genetic relative of potato;genetic input;apport g�n�tique
secondary genetic relative of quinoa;genetic input;apport g�n�tique
secondary genetic relative of rabbit-eye blueberry;genetic input;apport g�n�tique
secondary genetic relative of rape;genetic input;apport g�n�tique
secondary genetic relative of red currant;genetic input;apport g�n�tique
secondary genetic relative of red raspberry;genetic input;apport g�n�tique
secondary genetic relative of rhubarb;genetic input;apport g�n�tique
secondary genetic relative of rice;genetic input;apport g�n�tique
secondary genetic relative of rice-bean;genetic input;apport g�n�tique
secondary genetic relative of robusta coffee;genetic input;apport g�n�tique
secondary genetic relative of rocoto;genetic input;apport g�n�tique
secondary genetic relative of rye;genetic input;apport g�n�tique
secondary genetic relative of safflower;genetic input;apport g�n�tique
secondary genetic relative of scarlet runner bean;genetic input;apport g�n�tique
secondary genetic relative of Sea Island cotton;genetic input;apport g�n�tique
secondary genetic relative of short-staple cotton;genetic input;apport g�n�tique
secondary genetic relative of sorghum;genetic input;apport g�n�tique
secondary genetic relative of sour cherry;genetic input;apport g�n�tique
secondary genetic relative of strawberry;genetic input;apport g�n�tique
secondary genetic relative of sugarbeet;genetic input;apport g�n�tique
secondary genetic relative of sugarcane;genetic input;apport g�n�tique
secondary genetic relative of sunflower;genetic input;apport g�n�tique
secondary genetic relative of sweet cherry;genetic input;apport g�n�tique
secondary genetic relative of sweet-potato;genetic input;apport g�n�tique
secondary genetic relative of Tabasco pepper;genetic input;apport g�n�tique
secondary genetic relative of tarwi;genetic input;apport g�n�tique
secondary genetic relative of tepary bean;genetic input;apport g�n�tique
secondary genetic relative of tobacco;genetic input;apport g�n�tique
secondary genetic relative of tomato;genetic input;apport g�n�tique
secondary genetic relative of tree cotton;genetic input;apport g�n�tique
secondary genetic relative of tree-tomato;genetic input;apport g�n�tique
secondary genetic relative of Turkish filbert;genetic input;apport g�n�tique
secondary genetic relative of turnip;genetic input;apport g�n�tique
secondary genetic relative of Ussurian pear;genetic input;apport g�n�tique
secondary genetic relative of watermelon;genetic input;apport g�n�tique
secondary genetic relative of Welsh onion;genetic input;apport g�n�tique
secondary genetic relative of West Indian gherkin;genetic input;apport g�n�tique
secondary genetic relative of wheat;genetic input;apport g�n�tique
secondary genetic relative of white mustard;genetic input;apport g�n�tique
secondary genetic relative of wine grape;genetic input;apport g�n�tique
secondary genetic relative of year bean;genetic input;apport g�n�tique
secondary genetic relative of yellow lupine;genetic input;apport g�n�tique
teriary genetic relative of cotton;genetic input;apport g�n�tique
teriary genetic relative of Sea Island cotton;genetic input;apport g�n�tique
teriary genetic relative of short-staple cotton;genetic input;apport g�n�tique
teriary genetic relative of tree cotton;genetic input;apport g�n�tique
tertiary genetic relative of Abyssinian cabbage;genetic input;apport g�n�tique
tertiary genetic relative of aji;genetic input;apport g�n�tique
tertiary genetic relative of alfalfa;genetic input;apport g�n�tique
tertiary genetic relative of almond;genetic input;apport g�n�tique
tertiary genetic relative of Amur grape;genetic input;apport g�n�tique
tertiary genetic relative of apple;genetic input;apport g�n�tique
tertiary genetic relative of apricot;genetic input;apport g�n�tique
tertiary genetic relative of artichoke;genetic input;apport g�n�tique
tertiary genetic relative of arugula;genetic input;apport g�n�tique
tertiary genetic relative of asparagus;genetic input;apport g�n�tique
tertiary genetic relative of avocado;genetic input;apport g�n�tique
tertiary genetic relative of azuki-bean;genetic input;apport g�n�tique
tertiary genetic relative of Bambara groundnut;genetic input;apport g�n�tique
tertiary genetic relative of barley;genetic input;apport g�n�tique
tertiary genetic relative of bell/chili pepper;genetic input;apport g�n�tique
tertiary genetic relative of bilberry;genetic input;apport g�n�tique
tertiary genetic relative of blackberry;genetic input;apport g�n�tique
tertiary genetic relative of black currant;genetic input;apport g�n�tique
tertiary genetic relative of black gram;genetic input;apport g�n�tique
tertiary genetic relative of black mustard;genetic input;apport g�n�tique
tertiary genetic relative of black walnut;genetic input;apport g�n�tique
tertiary genetic relative of cabbage/kale;genetic input;apport g�n�tique
tertiary genetic relative of cacao;genetic input;apport g�n�tique
tertiary genetic relative of carrot;genetic input;apport g�n�tique
tertiary genetic relative of chickpea;genetic input;apport g�n�tique
tertiary genetic relative of chicory;genetic input;apport g�n�tique
tertiary genetic relative of citrus crops;genetic input;apport g�n�tique
tertiary genetic relative of common bean;genetic input;apport g�n�tique
tertiary genetic relative of cotton;genetic input;apport g�n�tique
tertiary genetic relative of cowpea;genetic input;apport g�n�tique
tertiary genetic relative of crambe;genetic input;apport g�n�tique
tertiary genetic relative of cranberry;genetic input;apport g�n�tique
tertiary genetic relative of cucumber;genetic input;apport g�n�tique
tertiary genetic relative of cushaw;genetic input;apport g�n�tique
tertiary genetic relative of eggplant;genetic input;apport g�n�tique
tertiary genetic relative of endive;genetic input;apport g�n�tique
tertiary genetic relative of English walnut;genetic input;apport g�n�tique
tertiary genetic relative of European filbert;genetic input;apport g�n�tique
tertiary genetic relative of faba bean;genetic input;apport g�n�tique
tertiary genetic relative of fig-leaf gourd;genetic input;apport g�n�tique
tertiary genetic relative of flax;genetic input;apport g�n�tique
tertiary genetic relative of garlic;genetic input;apport g�n�tique
tertiary genetic relative of gooseberry;genetic input;apport g�n�tique
tertiary genetic relative of grass-pea;genetic input;apport g�n�tique
tertiary genetic relative of habanero pepper;genetic input;apport g�n�tique
tertiary genetic relative of highbush blueberry;genetic input;apport g�n�tique
tertiary genetic relative of hop;genetic input;apport g�n�tique
tertiary genetic relative of <I>maxima</I> pumpkin/squash;genetic input;apport g�n�tique
tertiary genetic relative of <I>moschata</I> pumpkin/squash;genetic input;apport g�n�tique
tertiary genetic relative of <I>pepo</I> pumpkin/squash;genetic input;apport g�n�tique
tertiary genetic relative of Japanese plum;genetic input;apport g�n�tique
tertiary genetic relative of kiwifruit;genetic input;apport g�n�tique
tertiary genetic relative of leek;genetic input;apport g�n�tique
tertiary genetic relative of lentil;genetic input;apport g�n�tique
tertiary genetic relative of lettuce;genetic input;apport g�n�tique
tertiary genetic relative of Lima bean;genetic input;apport g�n�tique
tertiary genetic relative of lingonberry;genetic input;apport g�n�tique
tertiary genetic relative of maize;genetic input;apport g�n�tique
tertiary genetic relative of melon;genetic input;apport g�n�tique
tertiary genetic relative of mung-bean;genetic input;apport g�n�tique
tertiary genetic relative of muscadine grape;genetic input;apport g�n�tique
tertiary genetic relative of mustard;genetic input;apport g�n�tique
tertiary genetic relative of myrobalan plum;genetic input;apport g�n�tique
tertiary genetic relative of New World cotton;genetic input;apport g�n�tique
tertiary genetic relative of oat;genetic input;apport g�n�tique
tertiary genetic relative of ohelo;genetic input;apport g�n�tique
tertiary genetic relative of olive;genetic input;apport g�n�tique
tertiary genetic relative of onion;genetic input;apport g�n�tique
tertiary genetic relative of ornamental cherries;genetic input;apport g�n�tique
tertiary genetic relative of papaya;genetic input;apport g�n�tique
tertiary genetic relative of parsnip;genetic input;apport g�n�tique
tertiary genetic relative of pea;genetic input;apport g�n�tique
tertiary genetic relative of peach;genetic input;apport g�n�tique
tertiary genetic relative of peanut;genetic input;apport g�n�tique
tertiary genetic relative of pecan;genetic input;apport g�n�tique
tertiary genetic relative of pepino;genetic input;apport g�n�tique
tertiary genetic relative of plum;genetic input;apport g�n�tique
tertiary genetic relative of potato;genetic input;apport g�n�tique
tertiary genetic relative of quinoa;genetic input;apport g�n�tique
tertiary genetic relative of rabbiteye blueberry;genetic input;apport g�n�tique
tertiary genetic relative of radish;genetic input;apport g�n�tique
tertiary genetic relative of rape;genetic input;apport g�n�tique
tertiary genetic relative of red currant;genetic input;apport g�n�tique
tertiary genetic relative of red raspberry;genetic input;apport g�n�tique
tertiary genetic relative of rice;genetic input;apport g�n�tique
tertiary genetic relative of rice-bean;genetic input;apport g�n�tique
tertiary genetic relative of rocoto;genetic input;apport g�n�tique
tertiary genetic relative of safflower;genetic input;apport g�n�tique
tertiary genetic relative of scarlet runner bean;genetic input;apport g�n�tique
tertiary genetic relative of Sea Island cotton;genetic input;apport g�n�tique
tertiary genetic relative of short-satple cotton;genetic input;apport g�n�tique
tertiary genetic relative of short-stale cotton;genetic input;apport g�n�tique
tertiary genetic relative of short-staple cotton;genetic input;apport g�n�tique
tertiary genetic relative of sorghum;genetic input;apport g�n�tique
tertiary genetic relative of sour cherry;genetic input;apport g�n�tique
tertiary genetic relative of soybean;genetic input;apport g�n�tique
tertiary genetic relative of strawberry;genetic input;apport g�n�tique
tertiary genetic relative of sugarbeet;genetic input;apport g�n�tique
tertiary genetic relative of sugarcane;genetic input;apport g�n�tique
tertiary genetic relative of sunflower;genetic input;apport g�n�tique
tertiary genetic relative of sweet cherry;genetic input;apport g�n�tique
tertiary genetic relative of sweet-potato;genetic input;apport g�n�tique
tertiary genetic relative of Tabasco pepper;genetic input;apport g�n�tique
tertiary genetic relative of tarwi;genetic input;apport g�n�tique
tertiary genetic relative of tepary bean;genetic input;apport g�n�tique
tertiary genetic relative of tobacco;genetic input;apport g�n�tique
tertiary genetic relative of tomato;genetic input;apport g�n�tique
tertiary genetic relative of tree cotton;genetic input;apport g�n�tique
tertiary genetic relative of tree-tomato;genetic input;apport g�n�tique
tertiary genetic relative of Turkish filbert;genetic input;apport g�n�tique
tertiary genetic relative of turnip;genetic input;apport g�n�tique
tertiary genetic relative of Welsh onion;genetic input;apport g�n�tique
tertiary genetic relative of West Indian gherkin;genetic input;apport g�n�tique
tertiary genetic relative of wheat;genetic input;apport g�n�tique
tertiary genetic relative of white lupine;genetic input;apport g�n�tique
tertiary genetic relative of white mustard;genetic input;apport g�n�tique
tertiary genetic relative of wine grape;genetic input;apport g�n�tique
tertiary genetic relative of year bean;genetic input;apport g�n�tique
waterlogging tolerance for Asian pear;waterlogging tolerance;tol�rance de l'engorgement
dye-containing insects;dye;colorant
edible insects/caterpillars/larvae;edible animal organisms;organismes animaux comestibles
lac insects;lac insects;insectes � laque
silkworms;silkworms;vers � soie
wax insects;wax insects;insectes produisant des cires
abrasive;abrasive;abrasif
alcohol;alcohol;alcool
beads;beads;perles
cane;cane;canne
carved material;carved material;mat�riau sculpt�
chemicals;chemicals;produits chimiques
cork/cork substitute;cork / cork substitute;li�ge / substitut au li�ge
curiosity item;curiosity;curiosit￩
essential oils;essential oils;huiles essentielles
fiber;fiber;fibres
gum/resin;gum / resin;gomme / r�sine
latex/rubber;latex / rubber;latex / caoutchouc
lipids;lipids;lipides
potential as cane;cane;canne
potential as chemicals;chemicals;produits chimiques
potential as essential oils;essential oils;huiles essentielles
potential as fiber;fiber;fibres
potential as gum/resin;gum / resin;gomme / r�sine
potential as latex/rubber;latex / rubber;latex / caoutchouc
potential as lipids;lipids;lipides
potential as plant pest control for arabica coffee;phytosanitary control;contr�le phytosanitaire
potential as tannin/dyestuff;tannin / dye;tanin / colorant
potential as wood;wood;bois
potential source of chemicals;chemicals;produits chimiques
tannin/dyestuff;tannin / dye;tanin / colorant
teasel;teasel;card�re
wax;wax;cire
wood;wood;bois
wrapping;wrapping;emballage
folklore;folklore;folklore
potential folklore use;folklore;folklore
potential source of combretastatin;sources of natural substances;source de mol�cules, compos�s
potential source of pharmaceutical agent;pharmaceutical agent;agent pharmaceutique
potential source of solasodine;sources of natural substances;source de mol�cules, compos�s
potential source of valepotriates;sources of natural substances;source de mol�cules, compos�s
source of acetyldigoxin, deslanoside, digoxin, & lanatosides A,B,C;sources of natural substances;source de mol�cules, compos�s
source of adoniside;sources of natural substances;source de mol�cules, compos�s
source of aescin;sources of natural substances;source de mol�cules, compos�s
source of agrimophol;sources of natural substances;source de mol�cules, compos�s
source of ajmalicine, rescinnamine, & reserpine;sources of natural substances;source de mol�cules, compos�s
source of allyl isothiocyanate;sources of natural substances;source de mol�cules, compos�s
source of aloesin, aloenin, & aloesone;sources of natural substances;source de mol�cules, compos�s
source of alpha-lobeline;sources of natural substances;source de mol�cules, compos�s
source of anabasine;sources of natural substances;source de mol�cules, compos�s
source of artemisinin;sources of natural substances;source de mol�cules, compos�s
source of asiaticoside;sources of natural substances;source de mol�cules, compos�s
source of atropine;source of atropine;source d'atropine
source of atropine, hyoscine, & hyoscyamine;source of atropine;source d'atropine
source of aucubin;sources of natural substances;source de mol�cules, compos�s
source of berberine;sources of natural substances;source de mol�cules, compos�s
source of bergenin;sources of natural substances;source de mol�cules, compos�s
source of camphor;camphor;camphre
source of camptothecin;sources of natural substances;source de mol�cules, compos�s
source of +catechin;sources of natural substances;source de mol�cules, compos�s
source of chlorhexidine gluconate;sources of natural substances;source de mol�cules, compos�s
source of chymopapin & papain;sources of natural substances;source de mol�cules, compos�s
source of cissampeline;sources of natural substances;source de mol�cules, compos�s
source of colchicine, colchicine amide, & demecolcine;sources of natural substances;source de mol�cules, compos�s
source of convallatoxin;sources of natural substances;source de mol�cules, compos�s
source of crofelemer & taspine;sources of natural substances;source de mol�cules, compos�s
source of curare;source of curare;source de curare
source of curcumin;sources of natural substances;source de mol�cules, compos�s
source of cynarin;sources of natural substances;source de mol�cules, compos�s
source of deserpidine;sources of natural substances;source de mol�cules, compos�s
source of digitalin, digitoxin, & gitalin;sources of natural substances;source de mol�cules, compos�s
source of diosgenin;sources of natural substances;source de mol�cules, compos�s
source of ephedrine & pseudoephedrine;sources of natural substances;source de mol�cules, compos�s
source of erysid;sources of natural substances;source de mol�cules, compos�s
source of etoposide, podophyllotoxin, & teniposide;sources of natural substances;source de mol�cules, compos�s
source of galantamine;sources of natural substances;source de mol�cules, compos�s
source of galanthamine;sources of natural substances;source de mol�cules, compos�s
source of glaucine;sources of natural substances;source de mol�cules, compos�s
source of glaziovine;sources of natural substances;source de mol�cules, compos�s
source of glycyrrhizin;sources of natural substances;source de mol�cules, compos�s
source of guggulsterone;sources of natural substances;source de mol�cules, compos�s
source of harpagoside;sources of natural substances;source de mol�cules, compos�s
source of hemsleyadin;sources of natural substances;source de mol�cules, compos�s
source of hydrastine;sources of natural substances;source de mol�cules, compos�s
source of hyoscine;sources of natural substances;source de mol�cules, compos�s
source of hyoscine (scopolamine);sources of natural substances;source de mol�cules, compos�s
source of hypericin;sources of natural substances;source de mol�cules, compos�s
source of ibogaine;sources of natural substances;source de mol�cules, compos�s
source of jalap;sources of natural substances;source de mol�cules, compos�s
source of khellin;sources of natural substances;source de mol�cules, compos�s
source of lagochilin;sources of natural substances;source de mol�cules, compos�s
source of methyl salicylate;sources of natural substances;source de mol�cules, compos�s
source of monocrotaline;sources of natural substances;source de mol�cules, compos�s
source of ouabain;sources of natural substances;source de mol�cules, compos�s
source of P57;sources of natural substances;source de mol�cules, compos�s
source of pachycarpine;sources of natural substances;source de mol�cules, compos�s
source of palmatine;sources of natural substances;source de mol�cules, compos�s
source of pharmaceutical agent;sources of natural substances;source de mol�cules, compos�s
source of physostigmine;sources of natural substances;source de mol�cules, compos�s
source of picrotoxin;sources of natural substances;source de mol�cules, compos�s
source of pilocarpine;sources of natural substances;source de mol�cules, compos�s
source of plaunotol;sources of natural substances;source de mol�cules, compos�s
source of protoveratrines A & B;sources of natural substances;source de mol�cules, compos�s
source of pseudostrophanthin;sources of natural substances;source de mol�cules, compos�s
source of quinidine & quinine;sources of natural substances;source de mol�cules, compos�s
source of quisqualic acid;sources of natural substances;source de mol�cules, compos�s
source of reserpine;sources of natural substances;source de mol�cules, compos�s
source of roritone;sources of natural substances;source de mol�cules, compos�s
source of rotundine;sources of natural substances;source de mol�cules, compos�s
source of rutin;sources of natural substances;source de mol�cules, compos�s
source of salicin;sources of natural substances;source de mol�cules, compos�s
source of sanguinarine;sources of natural substances;source de mol�cules, compos�s
source of santonin;sources of natural substances;source de mol�cules, compos�s
source of scillarin A;sources of natural substances;source de mol�cules, compos�s
source of scopolamine;sources of natural substances;source de mol�cules, compos�s
source of sennosides A & B;sources of natural substances;source de mol�cules, compos�s
source of shikimic acid;sources of natural substances;source de mol�cules, compos�s
source of silymarin;sources of natural substances;source de mol�cules, compos�s
source of solasodine;sources of natural substances;source de mol�cules, compos�s
source of sparteine;sources of natural substances;source de mol�cules, compos�s
source of steroid precursors;sources of natural substances;source de mol�cules, compos�s
source of stevioside;sources of natural substances;source de mol�cules, compos�s
source of strophanthin;sources of natural substances;source de mol�cules, compos�s
source of strychnine;sources of natural substances;source de mol�cules, compos�s
source of tabersonine;sources of natural substances;source de mol�cules, compos�s
source of taxol;sources of natural substances;source de mol�cules, compos�s
source of tetrandine;sources of natural substances;source de mol�cules, compos�s
source of theobromine;sources of natural substances;source de mol�cules, compos�s
source of thymol;sources of natural substances;source de mol�cules, compos�s
source of trichosanthin;sources of natural substances;source de mol�cules, compos�s
source of tubocurarine;sources of natural substances;source de mol�cules, compos�s
source of valepotriates;sources of natural substances;source de mol�cules, compos�s
source of vasicine;sources of natural substances;source de mol�cules, compos�s
source of vinblastine & vincristine;sources of natural substances;source de mol�cules, compos�s
source of vincamine;sources of natural substances;source de mol�cules, compos�s
source of xanthotoxin;sources of natural substances;source de mol�cules, compos�s
source of yohimbine;sources of natural substances;source de mol�cules, compos�s
source of yuanhuacine & yuanhuadine;sources of natural substances;source de mol�cules, compos�s
veterinary;veterinary;v�t�rinaire
disease vector control;control of disease vectors;contr�le des vecteurs de maladies
house pest control;house pest control;h�te antiparasitaire
livestock pest control;pest;lutte antiparasitaire
plant pest control;plant pest control;phytosanitaire
potential for disease vector control;disease vector control;contr�le des vecteurs de maladies
potential for house pest control;pest control;contr�le des ravageurs
potential for plant disease control;plant disease control;lutte contre les maladies des plantes
potential for plant pest control;plant pest control;lutte contre les ravageurs
potential for weed control;weed control;contr�le des mauvaises herbes
weed control;weed control;contr�le des mauvaises herbes
birds;birds;oiseaux
fish;fish;poissons
mammals;mammals;mammif�res
hallucinogen;hallucinogen;hallucinog�ne
masticatory;masticatory;mastication
narcotic;narcotic;narcotique
psychoactive;psychoactive;psychoactif
religious/secular;religious / secular;religieux / la�que
smoking material;smoking material;mat�riau � fumer
stimulant;stimulant;stimulant
parasite;parasite;parasite
potential as weed;weeds;mauvaises herbes
potential seed contaminant;seed contaminant;contaminant des semences
